City_ID,City,Country,Date,Latitude,Longitude,Max Temp,Humidity,Cloudiness,Wind Speed
0,ponta delgada,PT,12/29/2021 19:51,37.7333,-25.6667,63.5,82,75,11.5
1,martapura,ID,12/29/2021 19:51,-3.4167,114.85,77.09,94,90,5.75
2,inongo,CD,12/29/2021 19:51,-1.95,18.2667,75.42,75,100,3.51
3,ust-nera,RU,12/29/2021 19:51,64.5667,143.2,-38.18,100,100,4.03
4,vaini,TO,12/29/2021 19:51,-21.2,-175.2,80.76,89,40,3.44
5,cape town,ZA,12/29/2021 19:51,-33.9258,18.4232,64.89,72,20,3
6,airai,TL,12/29/2021 19:51,-8.9266,125.4092,60.01,90,100,1.5
7,qaanaaq,GL,12/29/2021 19:52,77.484,-69.3632,-4.36,70,100,1.03
8,ponta do sol,PT,12/29/2021 19:52,32.6667,-17.1,66.83,83,3,7.05
9,barrow,US,12/29/2021 19:52,71.2906,-156.7887,-16.58,76,40,10.36
10,anadyr,RU,12/29/2021 19:52,64.75,177.4833,1.9,71,0,6.71
11,mataura,NZ,12/29/2021 19:52,-46.1927,168.8643,56.48,90,98,5.37
12,busselton,AU,12/29/2021 19:52,-33.65,115.3333,63.09,91,1,10.02
13,ushuaia,AR,12/29/2021 19:52,-54.8,-68.3,53.26,54,75,28.77
14,lianzhou,CN,12/29/2021 19:52,24.7811,112.3825,44.94,83,82,4.05
15,ciudad bolivar,VE,12/29/2021 19:52,8.1222,-63.5497,85.75,56,100,11.05
16,butaritari,KI,12/29/2021 19:52,3.0707,172.7902,80.2,78,80,7.52
17,cabo san lucas,MX,12/29/2021 19:50,22.8909,-109.9124,81.61,61,72,8.48
18,luocheng,CN,12/29/2021 19:52,29.3848,104.0286,40.03,78,69,1.63
19,baghmara,IN,12/29/2021 19:52,23.795,86.2085,61.65,90,100,1.07
20,upernavik,GL,12/29/2021 19:52,72.7868,-56.1549,-4.34,97,82,8.95
21,birao,CF,12/29/2021 19:52,10.2849,22.7882,74.25,21,56,6.35
22,ancud,CL,12/29/2021 19:52,-41.8697,-73.8203,58.23,92,100,8.21
23,wajima,JP,12/29/2021 19:52,37.4,136.9,48.18,70,96,28.57
24,hobart,AU,12/29/2021 19:52,-42.8794,147.3294,57.11,83,75,5.75
25,ziarat,PK,12/29/2021 19:52,30.3823,67.7282,28.87,22,100,1.9
26,saint-pierre,RE,12/29/2021 19:47,-21.3393,55.4781,76.68,74,0,9.22
27,oeiras,BR,12/29/2021 19:52,-7.0253,-42.1311,85.15,53,93,2.37
28,talnakh,RU,12/29/2021 19:49,69.4865,88.3972,1.2,97,100,6.26
29,korla,CN,12/29/2021 19:52,41.7597,86.1469,19.58,60,5,3.58
30,lagoa,PT,12/29/2021 19:50,39.05,-27.9833,59.41,72,90,21.32
31,vrangel,RU,12/29/2021 19:52,42.7297,133.0839,7.86,54,0,15.32
32,chuy,UY,12/29/2021 19:52,-33.6971,-53.4616,78.44,52,17,15.26
33,taltal,CL,12/29/2021 19:50,-25.4,-70.4833,69.58,67,8,8.25
34,bluff,NZ,12/29/2021 19:52,-46.6,168.3333,56.8,78,98,23.96
35,pisco,PE,12/29/2021 19:52,-13.7,-76.2167,75.25,73,40,9.22
36,kununurra,AU,12/29/2021 19:52,-15.7667,128.7333,80.58,78,99,0
37,saint george,US,12/29/2021 19:47,37.1041,-113.5841,46.8,50,20,1.99
38,saldanha,ZA,12/29/2021 19:52,-33.0117,17.9442,64.45,77,42,7.27
39,shenjiamen,CN,12/29/2021 19:52,29.9576,122.298,45.07,54,0,14.63
40,khatanga,RU,12/29/2021 19:51,71.9667,102.5,-25.02,98,8,3.4
41,albany,US,12/29/2021 19:48,42.6001,-73.9662,39.78,91,100,1.59
42,deputatskiy,RU,12/29/2021 19:52,69.3,139.9,-35.07,100,98,0.38
43,leningradskiy,RU,12/29/2021 19:52,69.3833,178.4167,-23.17,97,100,2.42
44,mahebourg,MU,12/29/2021 19:52,-20.4081,57.7,77.29,78,75,11.5
45,bengkulu,ID,12/29/2021 19:52,-3.8004,102.2655,75.31,90,93,3.74
46,ribeira grande,PT,12/29/2021 19:52,38.5167,-28.7,63,72,40,14.97
47,sao joao da barra,BR,12/29/2021 19:52,-21.6403,-41.0511,82.49,81,99,7.67
48,chkalovskoye,RU,12/29/2021 19:52,44.8392,133.0436,-9.31,96,71,2.28
49,gazojak,TM,12/29/2021 19:52,41.1875,61.4036,33.12,53,68,10.29
50,ostrovnoy,RU,12/29/2021 19:52,68.0531,39.5131,12.11,94,100,11.16
51,ostersund,SE,12/29/2021 19:52,63.1792,14.6357,6.62,85,79,2.3
52,georgetown,MY,12/29/2021 19:52,5.4112,100.3354,81.95,82,20,5.01
53,bairiki,KI,12/29/2021 19:52,1.3292,172.9752,77,88,20,0
54,cidreira,BR,12/29/2021 19:50,-30.1811,-50.2056,74.77,71,2,16.67
55,hermanus,ZA,12/29/2021 19:52,-34.4187,19.2345,63.9,76,19,12.77
56,hasaki,JP,12/29/2021 19:52,35.7333,140.8333,27,63,2,19.8
57,rikitea,PF,12/29/2021 19:52,-23.1203,-134.9692,77.86,73,12,3.76
58,zapolyarnyy,RU,12/29/2021 19:52,69.4154,30.8136,11.48,95,100,6.11
59,punta arenas,CL,12/29/2021 19:52,-53.15,-70.9167,55.42,47,40,36.82
60,north bend,US,12/29/2021 19:52,43.4065,-124.2243,43.86,91,40,16.11
61,tuktoyaktuk,CA,12/29/2021 19:52,69.4541,-133.0374,-25.6,68,40,10.36
62,pauna,CO,12/29/2021 19:52,5.6586,-73.9825,73.47,91,100,3.44
63,wencheng,CN,12/29/2021 19:52,33.0559,113.7978,33.22,31,27,3.62
64,port lincoln,AU,12/29/2021 19:49,-34.7333,135.8667,63.79,82,0,7.14
65,turtas,RU,12/29/2021 19:52,58.9417,69.1325,-2.49,96,100,8.52
66,chokurdakh,RU,12/29/2021 19:48,70.6333,147.9167,-46.61,100,75,1.16
67,jamestown,US,12/29/2021 19:49,42.097,-79.2353,40.32,70,90,5.99
68,puerto ayora,EC,12/29/2021 19:52,-0.7393,-90.3518,78.76,85,95,5.01
69,lorengau,PG,12/29/2021 19:52,-2.0226,147.2712,81.54,79,100,8.55
70,tasiilaq,GL,12/29/2021 19:52,65.6145,-37.6368,2.08,61,0,4.52
71,lokosovo,RU,12/29/2021 19:52,61.1333,74.8167,-5.55,96,100,9.22
72,praia,CV,12/29/2021 19:52,14.9215,-23.5087,82.94,30,0,12.66
73,luderitz,NA,12/29/2021 19:52,-26.6481,15.1594,64.76,76,0,18.43
74,kapaa,US,12/29/2021 19:50,22.0752,-159.319,76.12,80,90,3
75,la ronge,CA,12/29/2021 19:52,55.1001,-105.2842,-21.75,69,40,6.91
76,roblin,CA,12/29/2021 19:52,51.23,-101.3565,-19.37,95,100,10.69
77,tilichiki,RU,12/29/2021 19:52,60.4667,166.1,-0.22,95,94,11.72
78,lebu,CL,12/29/2021 19:52,-37.6167,-73.65,63.16,78,44,8.08
79,cayenne,GF,12/29/2021 19:49,4.9333,-52.3333,80.64,90,75,5.99
80,troitsko-pechorsk,RU,12/29/2021 19:52,62.7084,56.1964,-3.24,98,100,5.14
81,arlit,NE,12/29/2021 19:52,18.7369,7.3853,66.94,22,3,8.84
82,xining,CN,12/29/2021 19:52,36.6167,101.7667,19.2,44,100,0.83
83,ixtapa,MX,12/29/2021 19:52,20.7,-105.2,85.05,49,76,7.96
84,naryan-mar,RU,12/29/2021 19:52,67.6713,53.087,-2.54,97,98,10.45
85,banda aceh,ID,12/29/2021 19:52,5.5577,95.3222,78.24,85,41,11.83
86,port alfred,ZA,12/29/2021 19:52,-33.5906,26.891,66.13,72,88,6.49
87,rusape,ZW,12/29/2021 19:52,-18.5278,32.1284,63.99,95,100,4.38
88,dikson,RU,12/29/2021 19:52,73.5069,80.5464,-7.64,94,100,7.09
89,mongo,TD,12/29/2021 19:52,12.1844,18.693,77.5,20,87,5.86
90,bathsheba,BB,12/29/2021 19:52,13.2167,-59.5167,84.81,58,40,18.41
91,coahuayana,MX,12/29/2021 19:52,18.7333,-103.6833,86.83,48,8,7.36
92,new norfolk,AU,12/29/2021 19:48,-42.7826,147.0587,56.75,73,100,1.83
93,byron bay,AU,12/29/2021 19:51,-28.65,153.6167,72.05,74,62,10.36
94,havelock,US,12/29/2021 19:52,34.8791,-76.9013,80.55,75,1,11.01
95,clyde river,CA,12/29/2021 19:51,70.4692,-68.5914,-18.17,83,100,3.44
96,atuona,PF,12/29/2021 19:52,-9.8,-139.0333,79.09,76,22,20.6
97,lichuan,CN,12/29/2021 19:52,30.3,108.85,34.84,93,97,0.49
98,pringsewu,ID,12/29/2021 19:52,-5.3582,104.9744,73.6,95,97,2.71
99,yellowknife,CA,12/29/2021 19:48,62.456,-114.3525,-35.88,67,20,3.44
100,tautira,PF,12/29/2021 19:52,-17.7333,-149.15,87.82,73,100,14.85
101,hilo,US,12/29/2021 19:52,19.7297,-155.09,78.12,59,20,0
102,nelson bay,AU,12/29/2021 19:52,-32.7167,152.15,63.95,96,14,3.47
103,kavieng,PG,12/29/2021 19:52,-2.5744,150.7967,82.83,76,83,8.43
104,dingle,PH,12/29/2021 19:52,10.9995,122.6711,73.89,90,99,11.03
105,palana,RU,12/29/2021 19:52,59.1167,159.9667,5.18,91,100,3.44
106,bijapur,IN,12/29/2021 19:52,16.8333,75.7,72.18,49,85,10.4
107,igualada,ES,12/29/2021 19:52,41.581,1.6172,61.63,82,88,1.01
108,luancheng,CN,12/29/2021 19:52,37.8792,114.6517,21.36,52,0,3.42
109,san patricio,US,12/29/2021 19:52,28.017,-97.5169,81.01,46,99,5.77
110,hokitika,NZ,12/29/2021 19:52,-42.7167,170.9667,59.02,75,100,4.9
111,nikolskoye,RU,12/29/2021 19:52,59.7035,30.7861,19.4,89,100,8.68
112,baruun-urt,MN,12/29/2021 19:52,46.6806,113.2792,-2.63,87,8,6.58
113,peterhead,GB,12/29/2021 19:52,57.5058,-1.7981,48.6,75,100,20.4
114,lufkin,US,12/29/2021 19:52,31.3382,-94.7291,80.71,65,75,10.36
115,cockburn town,TC,12/29/2021 19:52,21.4612,-71.1419,82.36,57,40,9.22
116,chadiza,ZM,12/29/2021 19:52,-14.0678,32.4392,77.41,40,45,3.65
117,abonnema,NG,12/29/2021 19:52,4.7084,6.7931,79.39,79,100,7.72
118,avarua,CK,12/29/2021 19:53,-21.2078,-159.775,80.65,78,40,17.27
119,kaitangata,NZ,12/29/2021 19:53,-46.2817,169.8464,59.94,70,98,9.17
120,mantua,IT,12/29/2021 19:53,45.1667,10.7833,44.82,91,5,3
121,alice springs,AU,12/29/2021 19:53,-23.7,133.8833,65.75,32,78,2.3
122,gambela,ET,12/29/2021 19:53,8.25,34.5833,81.3,59,99,2.59
123,orsha,BY,12/29/2021 19:53,54.5153,30.4053,9.95,97,100,4.9
124,victoria,HK,12/29/2021 19:49,22.2855,114.1577,65.25,84,0,4
125,souillac,MU,12/29/2021 19:53,-20.5167,57.5167,77.38,78,75,11.5
126,hanzhong,CN,12/29/2021 19:53,33.0728,107.0303,38.41,57,100,0.58
127,shahr-e babak,IR,12/29/2021 19:53,30.1165,55.1186,44.26,69,99,10.58
128,urucara,BR,12/29/2021 19:53,-2.5364,-57.76,87.66,67,100,0.58
129,portland,US,12/29/2021 19:48,45.5234,-122.6762,34.45,76,75,1.99
130,corner brook,CA,12/29/2021 19:53,48.9667,-57.9484,35.76,97,39,1.95
131,sistranda,NO,12/29/2021 19:53,63.7256,8.834,39.9,75,100,12.21
132,krzeszowice,PL,12/29/2021 19:53,50.1425,19.6322,36,97,100,3.96
133,mercedes,AR,12/29/2021 19:53,-34.6515,-59.4307,102.85,9,84,11.83
134,prince rupert,CA,12/29/2021 19:53,54.3161,-130.3201,28.09,73,90,9.22
135,dwarka,IN,12/29/2021 19:53,22.2394,68.9678,68.79,53,6,12.97
136,omboue,GA,12/29/2021 19:53,-1.5746,9.2618,74.77,93,92,4.92
137,tuatapere,NZ,12/29/2021 19:53,-46.1333,167.6833,56.82,83,99,6.04
138,salalah,OM,12/29/2021 19:53,17.0151,54.0924,70.97,78,14,2.77
139,los llanos de aridane,ES,12/29/2021 19:53,28.6585,-17.9182,66.13,61,20,5.99
140,la rioja,ES,12/29/2021 19:53,42.25,-2.5,47.05,82,67,5.73
141,matara,LK,12/29/2021 19:53,5.9485,80.5353,73.8,89,95,5.77
142,davila,PH,12/29/2021 19:53,18.4726,120.5763,73.72,78,50,17.72
143,tuy hoa,VN,12/29/2021 19:53,13.0833,109.3,73.78,88,69,15.79
144,yenagoa,NG,12/29/2021 19:53,4.9247,6.2642,78.67,82,100,6.87
145,faanui,PF,12/29/2021 19:53,-16.4833,-151.75,81.05,76,100,15.9
146,khorixas,NA,12/29/2021 19:53,-20.3667,14.9667,69.96,34,0,12.86
147,san vicente,AR,12/29/2021 19:53,-26.6167,-54.1333,75.45,65,76,10.07
148,lompoc,US,12/29/2021 19:53,34.6391,-120.4579,54.52,85,90,12.66
149,rennes,FR,12/29/2021 19:53,48.1667,-1.6667,59.04,88,90,16.11
150,mitsamiouli,KM,12/29/2021 19:53,-11.3847,43.2844,81.32,78,100,7.2
151,karratha,AU,12/29/2021 19:53,-20.7377,116.8463,81.41,74,33,10.47
152,nanortalik,GL,12/29/2021 19:53,60.1432,-45.2371,21.97,76,5,5.97
153,guerrero negro,MX,12/29/2021 19:53,27.9769,-114.0611,64.71,58,61,5.55
154,gardez,AF,12/29/2021 19:53,33.5974,69.2259,28.96,38,100,3.06
155,shache,CN,12/29/2021 19:53,38.4167,77.2406,21.87,63,0,2.42
156,fairbanks,US,12/29/2021 19:50,64.8378,-147.7164,30.16,90,90,6.91
157,vaitape,PF,12/29/2021 19:53,-16.5167,-151.75,81.07,76,100,15.99
158,tual,ID,12/29/2021 19:53,-5.6667,132.75,83.16,78,100,15.61
159,pitimbu,BR,12/29/2021 19:53,-7.4706,-34.8086,84.79,70,5,11.81
160,mizdah,LY,12/29/2021 19:51,31.4451,12.9801,55.44,52,0,9.57
161,riyadh,SA,12/29/2021 19:53,24.6877,46.7219,57.34,44,83,10.6
162,jumla,NP,12/29/2021 19:53,29.2747,82.1838,32.56,98,100,2.28
163,touros,BR,12/29/2021 19:53,-5.1989,-35.4608,86.9,66,12,12.84
164,half moon bay,US,12/29/2021 19:50,37.4636,-122.4286,53.46,93,90,4.61
165,camargo,MX,12/29/2021 19:53,27.6667,-105.1667,71.06,31,44,14.65
166,matay,EG,12/29/2021 19:53,28.419,30.7792,57.6,38,43,6.96
167,severo-kurilsk,RU,12/29/2021 19:53,50.6789,156.125,24.78,85,87,8.3
168,mar del plata,AR,12/29/2021 19:53,-38.0023,-57.5575,80.62,90,75,24
169,hithadhoo,MV,12/29/2021 19:53,-0.6,73.0833,81.64,76,100,10.4
170,bredasdorp,ZA,12/29/2021 19:53,-34.5322,20.0403,60.28,65,12,13.73
171,bjorkelangen,NO,12/29/2021 19:53,59.8848,11.5694,25.45,95,100,1.25
172,najran,SA,12/29/2021 19:53,17.4924,44.1277,61.45,47,85,2.57
173,lithakia,GR,12/29/2021 19:53,37.7167,20.8333,54.59,75,5,8.5
174,sembakung,ID,12/29/2021 19:53,3.8167,117.25,76.93,99,100,2.13
175,saskylakh,RU,12/29/2021 19:53,71.9167,114.0833,-29,100,60,4.38
176,nioro,GM,12/29/2021 19:53,13.35,-15.75,83.55,12,0,7.14
177,lavrentiya,RU,12/29/2021 19:53,65.5833,-171,-14.22,86,46,3.83
178,slave lake,CA,12/29/2021 19:53,55.2834,-114.769,-16.62,76,90,5.75
179,lichinga,MZ,12/29/2021 19:53,-13.3128,35.2406,75.29,64,75,2.3
180,dedza,MW,12/29/2021 19:53,-14.3779,34.3332,70.47,44,90,1.12
181,boden,SE,12/29/2021 19:52,65.8252,21.6886,19.4,99,99,1.9
182,beyneu,KZ,12/29/2021 19:53,45.3167,55.2,32.81,88,97,16.69
183,verkhoyansk,RU,12/29/2021 19:53,67.5447,133.385,-48.01,100,100,2.37
184,tura,IN,12/29/2021 19:53,25.5198,90.2201,60.94,50,100,5.01
185,paamiut,GL,12/29/2021 19:53,61.994,-49.6678,12.16,67,51,4.36
186,asfi,MA,12/29/2021 19:52,32.2994,-9.2372,64.96,64,0,3.58
187,belyy yar,RU,12/29/2021 19:53,53.6039,91.3903,1.29,85,90,0
188,pevek,RU,12/29/2021 19:53,69.7008,170.3133,-33.29,99,100,3.33
189,provideniya,RU,12/29/2021 19:53,64.3833,-173.3,-9.76,91,33,8.23
190,cherskiy,RU,12/29/2021 19:53,68.75,161.3,-32.57,90,100,0.36
191,port-gentil,GA,12/29/2021 19:53,-0.7193,8.7815,75.16,94,90,1.14
192,ryotsu,JP,12/29/2021 19:53,38.0833,138.4333,43.75,88,100,7.05
193,buala,SB,12/29/2021 19:53,-8.145,159.5921,80.56,83,100,3.91
194,warrington,GB,12/29/2021 19:53,53.3925,-2.5802,53.89,86,0,1.99
195,alta floresta,BR,12/29/2021 19:53,-9.8756,-56.0861,93.02,55,40,6.91
196,gurupa,BR,12/29/2021 19:53,-1.405,-51.64,84.36,69,99,2.84
197,grafton,US,12/29/2021 19:53,42.207,-71.6856,41.72,80,90,3.44
198,broome,US,12/29/2021 19:53,42.2506,-75.833,44.17,82,90,1.01
199,ilulissat,GL,12/29/2021 19:53,69.2167,-51.1,-6.21,77,12,5.66
200,port elizabeth,ZA,12/29/2021 19:48,-33.918,25.5701,66.09,72,0,8.05
201,nome,US,12/29/2021 19:53,64.5011,-165.4064,-17.09,100,8,7.81
202,geraldton,AU,12/29/2021 19:53,-28.7667,114.6,66.61,88,0,5.75
203,nemuro,JP,12/29/2021 19:53,43.3236,145.575,33.51,91,100,10.98
204,noumea,NC,12/29/2021 19:51,-22.2763,166.4572,80.01,99,100,3.36
205,akhtanizovskaya,RU,12/29/2021 19:53,45.32,37.1,41.49,92,100,8.55
206,torbay,CA,12/29/2021 19:53,47.6666,-52.7314,35.76,93,90,1.99
207,eureka,US,12/29/2021 19:53,40.8021,-124.1637,49.24,86,84,5.01
208,truth or consequences,US,12/29/2021 19:53,33.1284,-107.2528,55.15,29,4,6.13
209,los rastrojos,VE,12/29/2021 19:53,10.0259,-69.2417,90.28,34,100,5.75
210,norman wells,CA,12/29/2021 19:53,65.282,-126.8329,-9.36,70,75,4.61
211,port hedland,AU,12/29/2021 19:53,-20.3167,118.5667,82.45,83,75,4.61
212,north platte,US,12/29/2021 19:50,41.1239,-100.7654,32.99,44,1,1.99
213,la libertad,EC,12/29/2021 19:53,-2.2333,-80.9,83.86,61,0,13.8
214,camopi,GF,12/29/2021 19:53,3.1655,-52.3158,76.06,97,100,3.76
215,bol,TD,12/29/2021 19:53,13.4586,14.7147,74.08,39,10,12.37
216,atkinson,US,12/29/2021 19:53,42.8384,-71.147,42.15,75,90,1.99
217,trelew,AR,12/29/2021 19:51,-43.249,-65.3051,102.18,5,47,18.43
218,shawville,CA,12/29/2021 19:53,45.6001,-76.4827,29.77,81,95,2.77
219,henties bay,NA,12/29/2021 19:53,-22.116,14.2845,64.85,91,0,8.68
220,fort nelson,CA,12/29/2021 19:50,58.8053,-122.7002,-9.81,84,90,3.44
221,kloulklubed,PW,12/29/2021 19:53,7.0419,134.2556,78.8,87,100,8.23
222,mattru,SL,12/29/2021 19:53,7.6244,-11.8332,79.65,77,13,5.23
223,can,TR,12/29/2021 19:54,40.0333,27.0524,54.25,85,100,3.33
224,bowen,AU,12/29/2021 19:54,-20.0167,148.2333,71.82,83,100,20.07
225,port blair,IN,12/29/2021 19:54,11.6667,92.75,79.95,78,78,10.89
226,te anau,NZ,12/29/2021 19:54,-45.4167,167.7167,52.56,91,92,4.54
227,lahij,YE,12/29/2021 19:54,13.1667,44.5833,67.87,82,25,5.3
228,cannes,FR,12/29/2021 19:54,43.55,7.0167,67.08,93,0,4.61
229,bambous virieux,MU,12/29/2021 19:54,-20.3428,57.7575,77.25,78,75,11.5
230,east london,ZA,12/29/2021 19:54,-33.0153,27.9116,67.26,81,100,4.56
231,londrina,BR,12/29/2021 19:54,-23.3103,-51.1628,80.26,61,75,23.02
232,chicama,PE,12/29/2021 19:54,-7.8447,-79.1469,68.54,63,88,10.13
233,pangnirtung,CA,12/29/2021 19:54,66.1451,-65.7125,-2.2,71,20,3.44
234,khudumelapye,BW,12/29/2021 19:54,-23.8833,24.75,79.43,22,19,5.79
235,acajutla,SV,12/29/2021 19:54,13.5928,-89.8275,87.8,55,9,10.04
236,puerto santander,CO,12/29/2021 19:54,8.3636,-72.4063,87.21,60,83,4.65
237,thinadhoo,MV,12/29/2021 19:54,0.5333,72.9333,81.12,77,98,14.45
238,hay river,CA,12/29/2021 19:51,60.8156,-115.7999,-25.62,68,75,3.44
239,muros,ES,12/29/2021 19:54,42.7762,-9.0603,61.23,91,100,14.45
240,esperance,AU,12/29/2021 19:54,-33.8667,121.9,64.24,68,0,10.85
241,arraial do cabo,BR,12/29/2021 19:54,-22.9661,-42.0278,78.76,89,40,5.75
242,hofn,IS,12/29/2021 19:54,64.2539,-15.2082,30.22,55,90,20.71
243,bereda,ES,12/29/2021 19:54,43.2686,-7.5406,58.91,98,92,4.81
244,hinton,CA,12/29/2021 19:54,53.4001,-117.5857,-14.76,75,81,7.49
245,wanaka,NZ,12/29/2021 19:54,-44.7,169.15,54.03,73,97,6.06
246,vanavara,RU,12/29/2021 19:54,60.34,102.2797,-5.57,98,100,3.67
247,borogontsy,RU,12/29/2021 19:54,62.6683,131.1683,-47.56,100,100,2.86
248,meulaboh,ID,12/29/2021 19:52,4.1363,96.1285,76.51,89,69,2.53
249,markovo,RU,12/29/2021 19:54,57.3206,107.0881,-16.35,97,96,3.06
250,antiguo morelos,MX,12/29/2021 19:54,22.5495,-99.0812,95.45,15,1,8.68
251,asau,RO,12/29/2021 19:54,46.4333,26.4,26.96,99,100,1.63
252,caravelas,BR,12/29/2021 19:54,-17.7125,-39.2481,80.2,74,21,8.37
253,castro,BR,12/29/2021 19:54,-24.7911,-50.0119,64.44,90,80,15.21
254,calama,CL,12/29/2021 19:54,-22.4667,-68.9333,81.09,12,0,29.93
255,kodiak,US,12/29/2021 19:54,57.79,-152.4072,35.78,58,91,8.01
256,vostok,RU,12/29/2021 19:54,46.4856,135.8833,-28.34,98,39,4.52
257,pravdinsk,RU,12/29/2021 19:54,54.4429,21.0179,24.75,95,100,9.89
258,chapais,CA,12/29/2021 19:54,49.7834,-74.8492,10.18,93,94,3.27
259,goundam,ML,12/29/2021 19:54,16.4145,-3.6708,74.23,12,19,10.31
260,yamada,JP,12/29/2021 19:54,39.4667,141.95,37.65,85,77,5.03
261,senanga,ZM,12/29/2021 19:54,-16.1167,23.2667,72.46,71,95,3.44
262,payo,ID,12/29/2021 19:54,-3.7508,103.6372,71.69,93,54,2.39
263,gat,IL,12/29/2021 19:54,31.61,34.7642,56.39,100,100,5.7
264,san policarpo,PH,12/29/2021 19:54,12.1791,125.5072,79.68,79,97,18.21
265,elk point,US,12/29/2021 19:54,42.6833,-96.6836,24.04,31,100,4.61
266,carndonagh,IE,12/29/2021 19:54,55.25,-7.2667,51.42,85,92,15.43
267,sept-iles,CA,12/29/2021 19:50,50.2001,-66.3821,30.72,80,75,2.3
268,tiksi,RU,12/29/2021 19:54,71.6872,128.8694,-20.51,100,100,4.16
269,linkoping,SE,12/29/2021 19:54,58.4109,15.6216,31.98,97,75,3.44
270,san quintin,MX,12/29/2021 19:54,30.4833,-115.95,59.2,63,98,5.44
271,berlevag,NO,12/29/2021 19:54,70.8578,29.0864,18.57,84,99,6.89
272,urumqi,CN,12/29/2021 19:54,43.801,87.6005,2.35,92,75,2.24
273,lata,PT,12/29/2021 19:54,40.1629,-8.3327,58.82,94,7,3.13
274,salym,RU,12/29/2021 19:54,60.0625,71.4789,-9.53,97,99,5.93
275,bac lieu,VN,12/29/2021 19:54,9.285,105.7244,78.48,72,32,21.36
276,champasak,LA,12/29/2021 19:54,14.75,106,66.97,78,38,1.39
277,mabaruma,GY,12/29/2021 19:54,8.2,-59.7833,78.76,84,97,5.79
278,flinders,AU,12/29/2021 19:54,-34.5833,150.8552,62.8,87,0,1.99
279,lusambo,CD,12/29/2021 19:54,-4.9667,23.45,72.54,87,100,1.54
280,iisalmi,FI,12/29/2021 19:54,63.5592,27.1907,23.02,95,100,7.94
281,fergus falls,US,12/29/2021 19:54,46.283,-96.0776,-2.83,85,98,2.3
282,hauterive,FR,12/29/2021 19:54,46.0901,3.4459,59.76,90,95,7.67
283,iqaluit,CA,12/29/2021 19:54,63.7506,-68.5145,4.73,77,90,0
284,dori,BF,12/29/2021 19:54,14.0354,-0.0345,73.49,13,32,8.93
285,karaton,ID,12/29/2021 19:54,-6.3424,106.1045,80.96,91,100,1.41
286,thompson,CA,12/29/2021 19:51,55.7435,-97.8558,-7.44,77,75,2.3
287,mangan,IN,12/29/2021 19:54,27.5167,88.5333,51.64,93,100,2.84
288,alofi,NU,12/29/2021 19:54,-19.0595,-169.9187,76.89,88,24,4.61
289,heihe,CN,12/29/2021 19:54,50.2441,127.4902,-22.61,91,12,5.37
290,kabinda,CD,12/29/2021 19:54,-6.1333,24.4833,69.22,91,100,1.1
291,qandala,SO,12/29/2021 19:54,11.472,49.8728,75.63,74,10,5.41
292,anchorage,US,12/29/2021 19:54,61.2181,-149.9003,31.21,75,20,6.91
293,grand gaube,MU,12/29/2021 19:54,-20.0064,57.6608,77.4,78,15,7
294,bozhou,CN,12/29/2021 19:54,33.8772,115.7703,31.87,32,4,4.38
295,naze,JP,12/29/2021 19:54,28.3667,129.4833,57.34,63,100,19.44
296,betzdorf,DE,12/29/2021 19:54,50.7833,7.8833,50.85,97,90,10.36
297,chekhov,RU,12/29/2021 19:54,55.1431,37.4711,5.34,96,87,5.57
298,puerto carreno,CO,12/29/2021 19:54,6.189,-67.4859,91.38,49,40,12.66
299,domoni,KM,12/29/2021 19:54,-12.2569,44.5319,79.68,83,83,4.68
300,amurzet,RU,12/29/2021 19:54,47.6967,131.0981,-24.18,94,21,5.44
301,honiara,SB,12/29/2021 19:54,-9.4333,159.95,79.81,87,99,4.25
302,madang,PG,12/29/2021 19:54,-5.2246,145.7966,76.8,90,100,4.54
303,saint-philippe,RE,12/29/2021 19:54,-21.3585,55.7679,76.59,83,72,14.18
304,seoul,KR,12/29/2021 19:54,37.5683,126.9778,26.11,63,0,6.91
305,niquero,CU,12/29/2021 19:54,20.0431,-77.5828,83.1,55,15,1.39
306,honningsvag,NO,12/29/2021 19:54,70.9821,25.9704,19.72,81,100,9.55
307,invermere,CA,12/29/2021 19:54,50.5167,-116.0354,3.31,88,88,2.66
308,erzin,TR,12/29/2021 19:54,36.9559,36.2,43.32,62,100,6.6
309,iskateley,RU,12/29/2021 19:54,67.6803,53.1512,-2.24,96,98,10.65
310,duobao,CN,12/29/2021 19:54,30.67,112.6895,39.07,45,6,4.59
311,pingliang,CN,12/29/2021 19:54,35.5392,106.6861,22.87,73,99,3.83
312,wooster,US,12/29/2021 19:51,40.8051,-81.9351,48.49,93,90,5.75
313,black forest,US,12/29/2021 19:52,39.0131,-104.7008,38.84,30,40,8.01
314,dombarovskiy,RU,12/29/2021 19:54,50.7587,59.5386,-6.9,89,100,5.19
315,wangkui,CN,12/29/2021 19:54,46.8333,126.5,-27.22,100,75,3.96
316,bubaque,GW,12/29/2021 19:54,11.2833,-15.8333,79.99,66,0,10.94
317,vila,PT,12/29/2021 19:54,42.0304,-8.1588,50.32,94,96,4.23
318,shimoda,JP,12/29/2021 19:54,34.6667,138.95,48.31,71,38,20.83
319,isangel,VU,12/29/2021 19:52,-19.55,169.2667,78.91,94,75,4.61
320,marfino,RU,12/29/2021 19:54,55.7028,37.3822,5.34,84,75,6.71
321,sorland,NO,12/29/2021 19:55,67.667,12.6934,35.46,63,100,24.38
322,saint-georges,GD,12/29/2021 19:52,12.0564,-61.7485,85.68,58,20,23.02
323,beloha,MG,12/29/2021 19:55,-25.1667,45.05,74.82,79,20,3.06
324,novosergiyevka,RU,12/29/2021 19:55,52.0934,53.6528,3.43,88,100,5.79
325,betsiamites,CA,12/29/2021 19:55,48.9413,-68.646,28.49,88,96,3.91
326,vila velha,BR,12/29/2021 19:55,-20.3297,-40.2925,82.35,83,75,5.75
327,havoysund,NO,12/29/2021 19:55,70.9963,24.6622,9.48,89,100,14.05
328,vanimo,PG,12/29/2021 19:55,-2.6741,141.3028,77.31,90,100,6.93
329,iwanai,JP,12/29/2021 19:55,42.9744,140.5089,27.45,83,99,5.73
330,ramhormoz,IR,12/29/2021 19:55,31.28,49.6035,52.88,72,89,2.01
331,viedma,AR,12/29/2021 19:50,-40.8135,-62.9967,101.32,13,67,21.61
332,vao,NC,12/29/2021 19:55,-22.6667,167.4833,77.76,82,100,9.6
333,severodvinsk,RU,12/29/2021 19:55,64.5635,39.8302,19.51,89,100,10.8
334,nalut,LY,12/29/2021 19:55,30.3333,10.85,55.63,46,0,8.25
335,zabaykalsk,RU,12/29/2021 19:55,49.6333,117.3167,-15.9,88,3,5.75
336,rawson,AR,12/29/2021 19:55,-43.3002,-65.1023,93.9,18,56,7.85
337,kruisfontein,ZA,12/29/2021 19:55,-34.0033,24.7314,62.89,82,0,4.45
338,nea stira,GR,12/29/2021 19:55,38.1833,24.2,57.78,87,98,4.43
339,marystown,CA,12/29/2021 19:50,47.1666,-55.1483,36.86,100,100,7
340,paracelis,PH,12/29/2021 19:55,17.2667,121.4667,67.93,92,99,2.77
341,west bay,KY,12/29/2021 19:55,19.3667,-81.4167,85.06,70,20,7
342,monroe,US,12/29/2021 19:52,43.1501,-77.6831,39.96,91,90,5.75
343,tocopilla,CL,12/29/2021 19:51,-22.092,-70.1979,70.75,71,6,12.88
344,rawlins,US,12/29/2021 19:55,41.7911,-107.2387,19.83,68,100,19.13
345,xiaoshi,CN,12/29/2021 19:55,41.2971,124.1209,1.42,70,89,2.46
346,bandarbeyla,SO,12/29/2021 19:55,9.4942,50.8122,76.57,64,3,13.62
347,zhigansk,RU,12/29/2021 19:55,66.7697,123.3711,-45.78,99,65,6.06
348,bethel,US,12/29/2021 19:55,41.3712,-73.414,42.69,88,100,1.81
349,kryzhanivka,UA,12/29/2021 19:55,46.5617,30.7949,25.05,100,90,4.47
350,rovinj,HR,12/29/2021 19:55,45.08,13.64,45.19,84,100,4.29
351,itamaraca,BR,12/29/2021 19:55,-7.7478,-34.8256,84.88,67,0,9.6
352,padilla,CO,12/29/2021 19:55,3.2204,-76.3139,83.89,68,100,0.22
353,sobolevo,RU,12/29/2021 19:55,54.4299,31.8996,6.37,99,98,5.19
354,kupang,ID,12/29/2021 19:55,-10.1667,123.5833,79.36,82,95,5.14
355,padang,ID,12/29/2021 19:55,-0.9492,100.3543,76.51,87,99,4.21
356,galesong,ID,12/29/2021 19:55,-5.3166,119.3661,75.22,83,100,7.78
357,yar-sale,RU,12/29/2021 19:55,66.8333,70.8333,-19.77,99,97,6.17
358,xuddur,SO,12/29/2021 19:55,4.1213,43.8894,75.02,30,28,10.69
359,la fria,VE,12/29/2021 19:55,8.2203,-72.2439,86.11,66,65,4.81
360,khorramshahr,IR,12/29/2021 19:55,30.4397,48.1664,55.36,88,75,2.3
361,moose factory,CA,12/29/2021 19:55,51.2585,-80.6094,1.4,78,40,8.05
362,san cristobal,VE,12/29/2021 19:55,7.7669,-72.225,77.18,42,40,4.21
363,kangaatsiaq,GL,12/29/2021 19:55,68.3065,-53.4641,7.05,97,99,6.55
364,qaqortoq,GL,12/29/2021 19:55,60.7167,-46.0333,13.06,66,0,5.44
365,srivardhan,IN,12/29/2021 19:55,18.0333,73.0167,71.69,71,7,6.96
366,codrington,AU,12/29/2021 19:55,-38.2667,141.9667,49.32,92,58,6.2
367,kavaratti,IN,12/29/2021 19:55,10.5669,72.642,80.96,71,5,11.05
368,tessalit,ML,12/29/2021 19:55,20.1986,1.0114,69.89,19,78,9.37
369,fortuna,US,12/29/2021 19:55,40.5982,-124.1573,48.97,85,75,1.99
370,ode,NG,12/29/2021 19:55,7.7899,5.7117,77.59,32,97,0.96
371,tabuk,PH,12/29/2021 19:55,17.4189,121.4443,68.13,92,100,2.3
372,aksha,RU,12/29/2021 19:55,50.2814,113.2867,-3.59,92,11,4.12
373,santa isabel,BR,12/29/2021 19:55,-23.3156,-46.2214,76.3,79,94,9.08
374,kiama,AU,12/29/2021 19:55,-34.6833,150.8667,63,89,1,4.52
375,halifax,CA,12/29/2021 19:52,44.6453,-63.5724,35.1,87,90,1.01
376,marawi,PH,12/29/2021 19:55,7.9986,124.2928,64.65,95,100,1.59
377,shangzhi,CN,12/29/2021 19:55,45.2167,127.9667,-6.18,98,100,1.74
378,lodja,CD,12/29/2021 19:55,-3.4833,23.4333,70.2,94,97,1.54
379,namibe,AO,12/29/2021 19:55,-15.1961,12.1522,73.87,61,55,5.82
380,hamilton,US,12/29/2021 19:51,39.1834,-84.5333,50.74,82,75,1.99
381,kollam,IN,12/29/2021 19:55,8.8833,76.6,78.67,74,0,7.11
382,puerto escondido,MX,12/29/2021 19:55,15.85,-97.0667,85.23,51,0,8.72
383,qasigiannguit,GL,12/29/2021 19:55,68.8193,-51.1922,-1.8,92,88,4.54
384,yulara,AU,12/29/2021 19:55,-25.2406,130.9889,78.64,14,51,10.36
385,newtownards,GB,12/29/2021 19:55,54.5924,-5.6909,51.75,85,97,1.99
386,key west,US,12/29/2021 19:55,24.5557,-81.7826,81,75,0,9.17
387,bougouni,ML,12/29/2021 19:55,11.417,-7.479,78.06,14,0,5.59
388,itacare,BR,12/29/2021 19:55,-14.2775,-38.9967,84.09,75,100,5.39
389,cotonou,BJ,12/29/2021 19:53,6.3654,2.4183,84.18,79,20,8.05
390,soyo,AO,12/29/2021 19:55,-6.1349,12.3689,77.72,87,100,6.06
391,denpasar,ID,12/29/2021 19:55,-8.65,115.2167,78.46,88,40,3.44
392,porto novo,BJ,12/29/2021 19:55,6.4965,2.6036,84.02,72,98,8.05
393,batagay-alyta,RU,12/29/2021 19:55,67.8006,130.4114,-26.27,99,100,1.7
394,hudson bay,CA,12/29/2021 19:55,52.85,-102.3842,-9.47,88,100,9.19
395,koslan,RU,12/29/2021 19:55,63.4564,48.8989,15.93,92,100,9.86
396,vardo,NO,12/29/2021 19:55,70.3705,31.1107,19.38,86,75,13.8
397,udachnyy,RU,12/29/2021 19:55,66.4167,112.4,-31.56,81,36,2.15
398,catuday,PH,12/29/2021 19:55,16.2923,119.8062,74.64,72,18,7.83
399,caborca,MX,12/29/2021 19:55,30.5838,-111.101,58.1,44,35,12.82
400,constitucion,CL,12/29/2021 19:55,-35.3333,-72.4167,64.69,74,63,8.66
401,madison,US,12/29/2021 19:52,34.7334,-86.5667,73.38,94,90,0
402,boende,CD,12/29/2021 19:55,-0.2167,20.8667,71.64,98,100,3.49
403,sitka,US,12/29/2021 19:55,57.0531,-135.33,40.89,87,90,12.66
404,cordele,US,12/29/2021 19:55,31.9635,-83.7824,81.12,61,90,10.36
405,la ceiba,HN,12/29/2021 19:55,15.7597,-86.7822,85.82,62,20,5.75
406,vestmannaeyjar,IS,12/29/2021 19:55,63.4427,-20.2734,34.05,62,100,13.96
407,laguna,US,12/29/2021 19:55,38.421,-121.4238,48.47,93,90,3
408,aswan,EG,12/29/2021 19:55,24.0934,32.907,60.1,33,0,11.5
409,narsaq,GL,12/29/2021 19:55,60.9167,-46.05,10.26,59,0,6.49
410,adelaide,AU,12/29/2021 19:55,-34.9333,138.6,76.48,31,0,10.36
411,soledade,BR,12/29/2021 19:55,-28.8183,-52.5103,87.04,22,99,13.18
412,pacific grove,US,12/29/2021 19:55,36.6177,-121.9166,54.07,85,100,1.01
413,makakilo city,US,12/29/2021 19:55,21.3469,-158.0858,74.01,75,75,4.61
414,merauke,ID,12/29/2021 19:55,-8.4667,140.3333,79.52,87,100,14.32
415,novobirilyussy,RU,12/29/2021 19:55,56.9514,90.6661,19.72,90,100,7.29
416,rosarito,MX,12/29/2021 19:55,32.3333,-117.0333,58.62,71,100,11.9
417,kholodnyy,RU,12/29/2021 19:55,62.7167,147.95,-21.95,98,100,4.76
418,klaksvik,FO,12/29/2021 19:55,62.2266,-6.589,38.32,98,100,31.74
419,monrovia,LR,12/29/2021 19:55,6.3005,-10.7969,82.17,76,5,10.92
420,labuhan,ID,12/29/2021 19:55,-6.8844,112.2051,78.12,85,99,4.18
421,jacareacanga,BR,12/29/2021 19:55,-6.2222,-57.7528,95.31,52,20,6.91
422,azare,NG,12/29/2021 19:55,11.6765,10.1948,71.82,18,100,7.94
423,gayny,RU,12/29/2021 19:55,60.3071,54.3241,8.1,92,100,8.39
424,salto del guaira,PY,12/29/2021 19:55,-24.0625,-54.3069,99.09,24,88,2.77
425,shemonaikha,KZ,12/29/2021 19:55,50.6328,81.9056,17.06,93,100,8.05
426,fare,PF,12/29/2021 19:56,-16.7,-151.0167,81.27,75,90,17.58
427,tacoronte,ES,12/29/2021 19:56,28.4769,-16.4102,65.21,75,0,10
428,verkhnevilyuysk,RU,12/29/2021 19:56,63.4453,120.3167,-37.53,99,77,3.83
429,puerto del rosario,ES,12/29/2021 19:56,28.5004,-13.8627,65.95,82,20,0
430,maarianhamina,AX,12/29/2021 19:56,60.0973,19.9348,35.46,93,90,8.05
431,hobyo,SO,12/29/2021 19:56,5.3505,48.5268,77.16,67,17,17.07
432,lisakovsk,KZ,12/29/2021 19:56,52.5369,62.4936,-17.18,96,5,3.98
433,kahului,US,12/29/2021 19:53,20.8947,-156.47,78.06,85,20,11.5
434,teknaf,BD,12/29/2021 19:56,20.8624,92.3058,64.96,65,55,6.04
435,pemangkat,ID,12/29/2021 19:56,1.1667,108.9667,77.67,86,87,3.22
436,santa marta,CO,12/29/2021 19:56,11.2408,-74.199,91.45,52,20,9.22
437,zhangye,CN,12/29/2021 19:56,38.9342,100.4517,15.31,59,94,5.19
438,rosetta,EG,12/29/2021 19:56,31.4044,30.4164,53.42,56,16,12.66
439,batemans bay,AU,12/29/2021 19:56,-35.7167,150.1833,59.09,86,9,2.82
440,maunabo,PR,12/29/2021 19:52,18.0072,-65.8993,83.7,75,5,14.38
441,grand baie,MU,12/29/2021 19:56,-20.0182,57.5802,77.47,78,15,7
442,kaeo,NZ,12/29/2021 19:56,-35.1,173.7833,66.33,73,42,8.25
443,tabou,CI,12/29/2021 19:56,4.423,-7.3528,80.13,82,93,7.54
444,santa rosa,PH,12/29/2021 19:56,14.3122,121.1114,76.98,80,100,14.43
445,deep river,CA,12/29/2021 19:56,46.1001,-77.4995,25.43,76,98,4.12
446,cairns,AU,12/29/2021 19:55,-16.9167,145.7667,78.06,94,90,4.61
447,puerto narino,CO,12/29/2021 19:56,-3.7703,-70.3831,78.75,87,74,2.82
448,samarai,PG,12/29/2021 19:56,-10.6167,150.6667,81.75,79,100,10.45
449,srednekolymsk,RU,12/29/2021 19:56,67.45,153.6833,-30.87,98,100,3.94
450,rio grande,BR,12/29/2021 19:54,-32.035,-52.0986,82.51,61,0,17.43
451,usinsk,RU,12/29/2021 19:56,65.9939,57.5281,-7.33,96,96,14.72
452,san jose,US,12/29/2021 19:51,37.3394,-121.895,53.42,85,75,13.8
453,tecoanapa,MX,12/29/2021 19:56,16.5167,-98.75,83.26,54,0,9.64
454,oak ridge,US,12/29/2021 19:56,36.0104,-84.2696,63.01,88,90,0
455,mount gambier,AU,12/29/2021 19:56,-37.8333,140.7667,46.31,93,21,4.61
456,christchurch,NZ,12/29/2021 19:56,-43.5333,172.6333,62.01,77,100,1.01
457,lakselv,NO,12/29/2021 19:56,70.0513,24.9718,3.02,85,40,3.44
458,valerianovsk,RU,12/29/2021 19:56,58.76,59.5522,2.48,87,100,8.48
459,tromso,NO,12/29/2021 19:56,69.6496,18.957,17.38,86,0,2.3
460,sao filipe,CV,12/29/2021 19:56,14.8961,-24.4956,76.64,68,0,6.58
461,cururupu,BR,12/29/2021 19:56,-1.8283,-44.8683,84.38,65,58,5.5
462,kualakapuas,ID,12/29/2021 19:56,-3.0091,114.3876,77.16,97,93,1.57
463,gorontalo,ID,12/29/2021 19:56,0.5412,123.0595,73.92,91,94,3.42
464,aksu,CN,12/29/2021 19:56,41.1231,80.2644,20.91,73,0,1.41
465,ejea de los caballeros,ES,12/29/2021 19:56,42.1263,-1.1372,56.39,82,29,6.49
466,vorontsovka,RU,12/29/2021 19:56,50.6132,40.3549,23.09,95,100,12.21
467,mount pleasant,US,12/29/2021 19:56,32.7941,-79.8626,80.26,74,1,1.01
468,sumbe,AO,12/29/2021 19:56,-11.2061,13.8437,77.29,86,100,7.78
469,colesberg,ZA,12/29/2021 19:56,-30.72,25.0972,68.11,27,2,9.89
470,lasa,IT,12/29/2021 19:56,46.6166,10.7002,45.01,97,100,5.86
471,narasannapeta,IN,12/29/2021 19:56,18.4167,84.05,69.08,87,0,5.88
472,severo-yeniseyskiy,RU,12/29/2021 19:56,60.3725,93.0408,9.21,96,100,3.69
473,creel,MX,12/29/2021 19:56,27.75,-107.6333,46.49,72,63,22.46
474,alyangula,AU,12/29/2021 19:56,-13.8483,136.4192,82.27,83,84,10.36
475,saint-joseph,RE,12/29/2021 19:56,-21.3667,55.6167,75.58,80,69,13.8
476,san carlos de bariloche,AR,12/29/2021 19:56,-41.1456,-71.3082,69.55,28,40,29.93
477,jieshi,CN,12/29/2021 19:56,22.8134,115.8257,59.95,78,0,9.57
478,yambio,SS,12/29/2021 19:56,4.5721,28.3955,78.98,45,95,2.8
479,kirishi,RU,12/29/2021 19:56,59.4471,32.0205,16.77,91,100,8.23
480,jinchang,CN,12/29/2021 19:56,38.4953,102.1739,16.03,62,100,3.62
481,komsomolskiy,UZ,12/29/2021 19:56,40.4272,71.7189,24.22,80,9,4.61
482,abbotsford,CA,12/29/2021 19:52,49.058,-122.2526,27.25,47,75,4
483,husavik,IS,12/29/2021 19:56,66.0449,-17.3389,24.71,82,100,3.13
484,americus,US,12/29/2021 19:56,32.0724,-84.2327,80.73,65,90,12.66
485,yumen,CN,12/29/2021 19:56,40.2833,97.2,14.9,51,20,13
486,westport,US,12/29/2021 19:56,41.1415,-73.3579,44.8,92,100,1.99
487,dindori,IN,12/29/2021 19:56,22.95,81.0833,50.81,97,34,5.79
488,sami,GM,12/29/2021 19:56,13.5833,-15.2,82.51,13,0,7.43
489,sinnamary,GF,12/29/2021 19:56,5.3833,-52.95,78.48,89,95,13.15
490,mackay,AU,12/29/2021 19:56,-21.15,149.2,75.18,88,90,27.63
491,syasstroy,RU,12/29/2021 19:56,60.1367,32.5691,20.5,89,100,11.48
492,hovd,MN,12/29/2021 19:56,48.0056,91.6419,-2.83,83,30,2.06
493,necochea,AR,12/29/2021 19:56,-38.5473,-58.7368,82.04,31,100,4.29
494,rorvik,NO,12/29/2021 19:56,64.8621,11.2373,35.71,100,75,12.66
495,zarichne,UA,12/29/2021 19:56,51.8126,26.129,18.63,89,96,5.99
496,geilo,NO,12/29/2021 19:56,60.5333,8.2076,15.39,83,100,2.89
497,huntington,US,12/29/2021 19:56,38.4193,-82.4452,63.37,72,100,3.65
498,juba,SS,12/29/2021 19:55,4.8517,31.5825,88.93,32,100,7.47
499,ormara,PK,12/29/2021 19:56,25.2088,64.6357,70.29,56,97,4.81
500,sawtell,AU,12/29/2021 19:56,-30.3833,153.1,64.18,96,75,9.22
501,coquimbo,CL,12/29/2021 19:56,-29.9533,-71.3436,73.13,53,0,13.8
502,russellville,US,12/29/2021 19:54,35.2784,-93.1338,55.18,87,100,3.4
503,ketchikan,US,12/29/2021 19:56,55.3422,-131.6461,25.66,96,100,8.5
504,port lavaca,US,12/29/2021 19:56,28.615,-96.6261,82.31,75,40,11.5
505,tazmalt,DZ,12/29/2021 19:56,36.3868,4.3989,54.86,63,7,3.6
506,bilma,NE,12/29/2021 19:56,18.6853,12.9164,65.61,17,14,6.4
507,ambilobe,MG,12/29/2021 19:56,-13.2,49.05,77.45,87,100,0.76
508,itarema,BR,12/29/2021 19:56,-2.9248,-39.9167,83.52,71,46,16.22
509,sale,MA,12/29/2021 19:56,34.0389,-6.8166,60.64,100,0,4.61
510,adrar,MR,12/29/2021 19:56,20.5022,-10.0711,69.58,17,0,9.48
511,hangu,CN,12/29/2021 19:56,39.2489,117.7892,30.24,32,0,13.85
512,rock sound,BS,12/29/2021 19:56,24.9,-76.2,77.76,69,84,8.19
513,derzhavinsk,KZ,12/29/2021 19:56,51.1,66.3167,-17.95,100,22,3.09
514,vila franca do campo,PT,12/29/2021 19:56,37.7167,-25.4333,63.19,85,100,6.82
515,mbanza-ngungu,CD,12/29/2021 19:56,-5.25,14.8667,69.17,93,100,1.72
516,kopavogur,IS,12/29/2021 19:56,64.1123,-21.913,30.65,61,0,11.5
517,kiunga,PG,12/29/2021 19:56,-6.1219,141.2906,72.43,99,98,1.79
518,uvat,RU,12/29/2021 19:56,59.1433,68.8953,-1.3,95,100,8.97
519,evensk,RU,12/29/2021 19:56,61.95,159.2333,-8.64,97,100,9.95
520,abha,SA,12/29/2021 19:56,18.2164,42.5053,53.42,82,0,8.05
521,pietermaritzburg,ZA,12/29/2021 19:56,-29.6168,30.3928,65.68,99,100,1.9
522,capao da canoa,BR,12/29/2021 19:56,-29.7456,-50.0097,74.08,77,41,16.42
523,vestmanna,FO,12/29/2021 19:56,62.1564,-7.1664,36.52,87,90,14.97
524,carnarvon,AU,12/29/2021 19:56,-24.8667,113.6333,78.87,61,38,9.22
525,puerto gaitan,CO,12/29/2021 19:56,4.3133,-72.0816,90.52,38,100,13.6
526,mega,ET,12/29/2021 19:56,4.05,38.3,63.03,41,92,9.42
527,poya,NC,12/29/2021 19:56,-21.35,165.15,77.9,87,100,5.82
528,duzce,TR,12/29/2021 19:57,40.8389,31.1639,46.85,78,100,7.54
529,barra,BR,12/29/2021 19:57,-11.0894,-43.1417,78.12,76,90,6.42
530,margate,GB,12/29/2021 19:57,51.3813,1.3862,54.97,86,100,4
531,rodniki,RU,12/29/2021 19:57,57.1051,41.7305,-0.2,96,99,6.35
532,rocky mountain house,CA,12/29/2021 19:54,52.3668,-114.9188,-7.49,54,4,2.3
533,bahia blanca,AR,12/29/2021 19:57,-38.7196,-62.2724,86.52,42,40,19.57
534,coos bay,US,12/29/2021 19:57,43.3665,-124.2179,43.93,91,40,16.11
535,floro,NO,12/29/2021 19:57,61.5996,5.0328,39.16,75,0,10.36
536,nouadhibou,MR,12/29/2021 19:57,20.931,-17.0347,76.98,33,0,4.61
537,livingston,GB,12/29/2021 19:57,55.9029,-3.5226,50.85,83,40,20.71
538,neyyattinkara,IN,12/29/2021 19:57,8.4,77.0833,78.66,78,1,4.41
539,jagtial,IN,12/29/2021 19:57,18.8,78.9333,68.88,72,89,4.56
540,ak-dovurak,RU,12/29/2021 19:57,51.1833,90.6,-12.73,98,100,0.47
541,kaka,TM,12/29/2021 19:57,37.3482,59.6143,43.05,37,100,0.96
542,kharp,RU,12/29/2021 19:57,66.8014,65.8081,-15.66,97,100,1.23
543,grao mogol,BR,12/29/2021 19:57,-16.5594,-42.8897,71.47,83,100,3.56
544,poum,NC,12/29/2021 19:57,-20.2333,164.0167,80.29,82,98,16.64
545,launceston,AU,12/29/2021 19:57,-41.45,147.1667,57.79,92,99,3.44
546,nuuk,GL,12/29/2021 19:57,64.1835,-51.7216,2.21,72,99,7.05
547,novokizhinginsk,RU,12/29/2021 19:57,51.6115,109.5917,-7.55,98,27,4.36
548,biloxi,US,12/29/2021 19:57,30.396,-88.8853,81.55,88,90,8.05
549,krasnoarmeysk,RU,12/29/2021 19:57,51.0239,45.6969,7.07,95,100,12.24
550,cedar city,US,12/29/2021 19:57,37.6775,-113.0619,28.4,83,64,9.89
